PackageName,SHA256
com.creativemobile.nebo,3004e80d4b2a5de98012666a8121b3be166bb27c4a83a5505c3a159503f72e22
air.com.vitaltones.stutteringG,300706d7643180c3a806df1a304e2c89130d13307c6d21eac43bc989ee10f442
com.ionicframework.myapp891666,3011823e2af4fa8625f643409807538626f0d9bf8b7c8dece9be0e595df31976
czk.jdws.cn.sw.yyh,301db08c82e10483f0fe9f1b2743189fd3b9a4da34a90b290eef6eeef0e7fd04
com.cha.TowerofGoblin,302b4093bc2b3d1852c862adb0ccdb856940b99979665c3fc450bc8da34354a6
com.companyname.box,302f0379c5b8a2a2e2b3dc8457d67dc45b7be846953df515bbf13533547bd7b4
com.magnostic.santa_tracker,303841b4d0482c8661c3211cab73474aafa65beb4447a9e710d5af5457bd4938
com.dark.kustom.pack,30465a62dd37c17d80325741f1d096470eb1f4af631c61002d8e5b484adfa942
com.appmango.test,304d7ff8507948b8c9ee00f0ddcc16cb37f51a5e6a4659bff7aa8b4000f23188
com.vats.budget.planner,306252ad5f41c7c95485545d82d206ecf8b2018bff6592eb7a0b73676a131e02
com.historyisfun.hungary,306465a9fd6a62a11371aff75f820739ce6057df9c8e2d5d1788c18ba2e42642
com.tech.editor.photoframe.helicopter,309f8994bd6ef7a9b4391c85cb6655dd1a0aa1df4e4ab38baa1553149ce56766
net.jp.apps.kanishikido.tyofurora,30a31b375df2cddb67dd08295e6ec577c1447055985773491c9f426ba646cf84
com.conduit.app_b7b6eb269ae4459b9343b107b1d23411.app,30ac07125fe7f5be54c1aab3ad3bba4cf75b28b1c9ef9a728b5419b5bc9215f8
com.radiogen.pinoyrapradio,30acb83ae2b9b1db18858866c36bd46348b97a24f8407a79817f9ace32b00f14
com.AndroidTeam.ScribbleGolf,30ae4ff99967f898a909eef3e0a42f66854bc88d191e2add1ab1eda2ebdee5d2
com.buddycolouring.supercoloringsonicky,30cf42bd292b8fbcd7364db01c9aee72b6f06f250920029b2f87321fade29922
com.touchpal.playerthemes_winged_predator,30fe5dfb45af7e62b4274d6130723e0fba5f1b7f52cb224019bdad01e848e054
com.fountainhealing.dotawallpaper.enigmawallpaper,312cfe2c163525f23f3b4a903da25904b34f9386df9355c12c5209e1689bb9f4
com.authentices.happynewyearphotoframe,31464fbe296d72aab98287b718b402e44f7f80cc73c7b190face84b3e2955ae2
com.blue.rose.hd.lwp,314da3cb4583c788d6a9c615521455936626e50f0410be22f31ca747c14e8dd8
com.playzapp.legionsatwar,31541ba576ebdf5d45946fe6b8208458697735d455bd2f437d360a9a8afd9b26
com.Bike.Repair.Maintenance,3186dc0ad79ee7ac64a08aee700b435f546b65084b38b9e491c075a69661b3f4
apps.bekline.buenasemana,318a7f14bf2fa1150c0d59ab6244edc326c3c05b9fcec8f2c3686a3cb95d8c38
com.sindoh.mobileprint,319ae9b8e44034b3cf76df59921d7fd4177bbdd92fdbc3550e1ea2aadb542914
mqd.natural.makeup,31bd5532aeb5cff3f7d60fe12b0fb31738dcae1b096b2b96fb38030892030f68
com.virtualinfocom.marshalart.fight,31d817ee06b227ef64ac5c9b01e879c8f01a5481c8727c9c0a9227f8ddf44268
co.za.formvalue,31f434a7f2e1464891f51d0c061c9f5aeb726f9e82f65fb29fad2a57ae4cfb14
air.almasakin,31f781f69e4dd7556c233c5f5a78a338ffb9f17ab434e11e743dfe49629a0a52
com.fidelisa.app69F72BFE6ADE4D69B33B9F10EAFA6412,31f87e739d4bc2715a7428b4bc250ec9d858894775d09acfd6d66849c42ddf14
diy.keyboard.pink.diamond.crystal.love,31fe55033a1cf94a4369788569307e14729368ce4a6a21dc78ffdaf7e369faa2
com.imlil.guideformro,3201609af09ccd8384ffcc8abf4de9a9bdb9c11f4251be6223e6facea04a7aa4
br.com.craniodatecnologia.stop,320d47452b252d43cfb668e34afae57e042dabae8e2198d8d24adee6b4e37928
com.MonstersAndCompany.ForestQuestLegendOfTheTorridRunes,32232f6c669515f4836353e7395afc768d643b9d9356bfb263b6f875fa33d178
com.dticc.diatecdivinol,322dfcf306d6c8ad6f4e473cf836465b28af960a5fd00a4184847582d68aabc8
com.ultimatumapp.akcatering,322e526b67a0454503e18580625ab522bf5521911103cdbe4abac968672cc782
air.Madness.Of.Zombies,323c4eed921173a7ac64f13737b9bb2126a0df8f4bec7339483bf8e97e300406
air.IOTAIOTA1,324fd5626f5d97651ea03dda6018a649aa95090010d1acc1aa32ff5c0b567322
com.shulcloud.app1078,325102e1ebe941f930f4796ce15aeb7eb7235fef3b717be2f19f9862686b1774
com.nd.hairdressing,327620451e629efa177113bd722617038f977affd74f89e631600cb1cd738598
us.freevrmovies.vrvideos.rollercoaster1,3281d524304f6df54fef786481f02416e8781865d65b33f66561fcebee2c10c4
org.appness.kcfootball,32c482f0d91bf53da17d350700b3de9547fd39601ba1f535f96278f596e804e2
com.knights.gangster.city.crime.action,32d1ef108812d5f5b7515b4195c2c940cef93b278bc05537bd44f3b16d705588
com.linhthom.gardensplash,32dd75a5c606b70e97eb05211f8b171904b82eb41aafd1cecc3e6e4a5b6d0fd2
com.madhavi.cakeblast,32ebdc6a1eee8886d962d01d2c4d4f1235c8f63d98945119e7a08636505b2a58
com.daxko.mobile.greatriver,33133629a7a4608354e9e7521510e7778ad1306987aab46e42a675e0f66b2a42
com.sniper.hill.shooting.Silent,3317375589bfb159ec0535243b4382c6e53dd85598dae71f4d50bd209f158592
com.DefaultCompany.February_NED2018,3327fd0e750df31c8b8997cf83780ae61b6b8deaae7255165485022dbd37b188
com.fireboltstudio.monster.truck.lava.floor,336d0a3378c3f24e79181ea912707ce71728550f31716f197670bb7281ab9902
com.avalunt.santravidas.ravidasjichalisa,337f5f9588186c29ed21aaf4fb2192f5d111cc46e92bd33be73132b471fbe194
com.njaap.puzzle,33824a62a7105a16351c81b647eb67e7414f33865c99b7922ef0330c014a4d66
com.alipay.m.portal,33864fec6c2ebfe18dffed2af4d9a6129848da6f5fe68a58bfc427d42f14d368
com.fto.tousan.savetheballoon,339a2b74ff00cd5c25a20708eac3eca93e5e2fd5148fc0ae6f1462d75b15d772
com.wisorg.whdx,33aad26f3a3fc39ccbd9862a5359e5912c1150353ca021a3b52ffd5b0d898bb2
com.ps.call.of.santa.christmas.gifts,33f41b3aded1e8190d28816b37a50c973071a95b71a4c9b59cec409e81da3284
asia.xcvdu.leqv.oxyfz,34023677e2e465383ad50faaaa149d2eac4b05d9916b379602b80f90d747d4a2
com.palava.pcma,34167c4ad0d4079180e15687529370c1ea57d37d19aae50845d2936661f55d78
com.MyCompass3.android,34296dac993a0456921dd305b187faf66822b4cd96d785a4d2677d859fd54af6
com.buildingcraftinggames.track.my.train.simulator.games.girls.craft.minecraft.mcpe.rail.rush.crafting.building.thomas.friends,342ebee388b6986ff4af2aa8d0eae4320821bf6e3508fdbb9d3b18428d38cc76
com.gamemiracle.iHorseRacing2,3438237356474cb433e5faf0168189d79f24a41dfc96bf24732faf91530cbf92
com.infomenarikapps.laguutopia,343f329799e468a7a9757b5156e4b84f1b762f51667d329659fd525b6ea8fd76
com.gincil.gincilwords,344b8d8464778e8bf0cde02d5851c20adedabb52693845c6e0be7c0e24777112
mkisly.checkers.damas.brazilian,3490e5489a800593db4f15e4415a00520db1d9c22307d9d79376aa4b91b12286
com.dietary.supplements.Fitness,349a9c121c8c623a2740348d8fc872c1a8524985111086dee99a7d0611ed12f8
com.videobooks.sdcstories,34a8e8eee2b6cbfe21f03bdfc2aa340dec690a378d8780fcaf70d2314dba8866
trident.neon.poseidon.theme,34ad7c852f87c06ebc4346297d350b7eec5072a269050f0674d0254b5c76add6
ma.wanam.sporttvprogram,34bf86fd6c93e5ed8f73f6a90a89fad4dc52523040105c83bcad0670f835ac28
com.lankagames.duogame,34cffa56c5ae360f7c94b94794bc98d87198526e64aaa3fd78cbd13c41527362
com.andromo.dev516013.app552188,34f163b9f38f71e32ca0e1187b590f0c045edd3bcf005b3f4760a9ea1e63f616
com.andromo.dev248268.app231798,34f328f99bd353beacbd49bbebcc503362f3ec4e603d1dddb0ebe668a30c2676
fr.xtof54.mousetodon,3509e29d23064a467381839c5bc648f947ad5419dcb192fb91ae7b506afa5d02
com.pokethebear.histry,352b9418840707491ccef4a40c69493fa79a35c3ccaf185e30908cb607950cb6
my.gov.onegovappstore.kwppocketdirectory,35329cfe9165714b8cbffcdb83825aff9937c8f1e111a870d3910e492f30cc98
air.com.vitaltones.appetiteG,3548066f7047dfc527417bcb0e45ee13ce557920dc144c3ca4a332eed4e274a4
com.andromo.dev628627.app620882,354b401cba221a3ffb457ba01552cd6257fe60a10bc6304299c701770762e548
com.st.animal.sniper.hunting.games.free,35724e308b963a1f198076ac8c9c52e2a5fa43ddedbd4992a4e980356724d766
th.co.sandp.sandpdelivery,35ab93cb47b3e179d9bca29589fae0fe6dc79e73c59f9ca3ebe9b018952dc958
unity.nashimuki.frogballre,35acc8bcec55a504122d16d7a369b93a9e4abe957367e8cace649811be5ea926
com.simpletapgames.math.game.workout,35c100067db2053812c51637f4513cd3c78a48ad3b38afc0f5f506ea97937ab2
com.Eova.Slayer,35c2322c390017c2fdac577b56ed671e246a55cde12f9213c2ad832debdaa6d2
air.Big_Living_Room_Escape,35cbb0a64d32215c444eb3815dc1659aa3b7f6e783c4522bacfd821dcef67f38
com.plasticwebs.cocinacubana,35cd1cfed2f4ca16bb7648cca266a30261c4bc4bb48d236179879bcd423a3ab8
pt.asteroid_games.bow.arrow.simulator.target.sport.shooting,35ed30dab492d8f00348902105362635e7ed5d45e576859ab923d2ee488fa068
com.absotech.Hunt.Jurassic.Dino,35f71e3e48144e7687e15986afacc109e0520f6e0bc49ab3d5a32687cc7408b8
com.overpass.mandarinbubblebathlite,360c7514e6a3fecb610a289b40b25a849f41f5ce2c3f110c28ca964ec877c8e6
com.fernandafoschiani.marynesfreixopereira,36160af33b679c197740b452262a635af00e633edbbaa8b85aabc76afd1842d4
com.socibox.coloringbook.speedanimals,36352b3ff464b01cde3eff37a055a60b86f52d09508d72548437c6ab58e01d22
com.oracle.JDEdwards.EnterpriseOne.M09E001,3637f6cd7774c3b74acdb9db1796106bc82d5863c53fae375b9e2a28caa6e938
com.iccom.raovat,3637f7fe2de8c787f5db0bb08e0f24e5e46be1a6b4d6e2c4e5c207085afea1d4
ba.lum.tribalrivals.arabic,363f1e1c842d7c5b586e27b9cdc2cb6f35aec84217f7dfc46adb9a0bb3be2d08
com.photo.editor.cartoon,3644e0354bf590a9f0c63f0eb1bc189d535d41e55348316b6df5a1fc123fb1d2
com.audioapps.frasesdeamorplatonicoaudioytexto,365990ed865d83cad75fc3c0c6c6b355e2a4dda8e0412ec19a2a1a128611c834
bjyd.convention,367664be0cf8d98cc3b96dbafbbfb172962d35d13b409fd0026d4a44ea2b0f24
com.ocs.confpal.navbo,367de8bbc56bcfb11de3ccca7e12b5bf04ccc7f9d40105ab280a15ebefc96b78
se.lineducation.pluttra_foralder,3680977e713a2fee72f622f41a6194ad06f8a9569d0776161815e7409aeb6282
com.nobexinc.wls_8322604248.rc,368cd7832d154d668e25921ef520e9f2d2c6c8a9b55d1b180006e353ae247c66
hd.backgrounds.wallpapers,36a94ae8f98451c1d9e812cd597459420e335b0678a05140724ebc75abf0e0c2
com.studio629.wooparoopang,36b726c9048fd12ae9376b60966a10bd7f7549ecb7a44d813062e6616cc0e252
com.omiko.surahalbaqara,36be158298cce57ec5ed6fd4461bcf987d6f97342585f75966123db9ec2e0e62
com.jb.gokeyboard.theme.goset_albania,36c3da85a2bc3a69f0bd8ded9f3138fbda8ac73a3084b0dd16e63c2a8f8644a8
dew.drop.green,36cfb829d31b57fd9b4c82b4d6388d1d57845983bfd7a8c18fb3d257e7b3aa88
mastkila.cloudit.cr,36d2334c9e8e664167bc0d44fb29227d9309f4c45a0428d37f1c9b3c1e158cd2
no.mellora.hseq.mlf,36d4e0cfb8443ab13dfb74f8dd0bf3d22335751d953115e307dc975feebb3ee6
com.sl.abs,36dba99ac3db3b22445982be5524580eb7a00705e5598fc0c8e94d8321bf82b2
com.hitachi.smartcenter,36de75b485557a507c14f84f50676f088e08340662d61e0e091c20226ccd41b2
com.smarteragent.android.lbar,36e30385687dbcad6c769b5f2e5fba72e39e1e3150da15be7e13da3dbf20ed26
com.golemtechapps.shriramayanchaupaee,36e436d63cfcad02dbd6b52f41c695983ea20f9d2a2b1d975ff49b745332e648
com.monotype.android.font.handwritefontstylefree,371e3d915fc81c30826c71f8836c706af6af9e050cebe87b6a3249247f52cc82
tw.com.aiming.guruball,371fda878c358f08ccf3475e2e746440ffac6af3b2a5467b29de950da1efdbf4
com.matbakheomwalide.matbakhomwalidrecipes2017,3738530b5ee84ffa54180a2d5272c757b93b2dff18f7e537db2069544c8a27e2
com.racing.car.traffic.b,373860ba0c86f9ce6753fc2af4123da180ab41eaa1a3051f251d78e894250868
com.itwangxia.hackhome,373f463664ef792e4b0e52fccca9a1fadc5c2ffc23a7be3e12148117258a1084
net.Arquitek.Qumper,374857566b6570d28811d7ab1881ad4d65c8198ffe56a2ab5f3388d21ee36b96
com.jumper.stickman,375b37cc1d8b2ace03de386bae08f9c5ac670427b2ad6eb63f6935b9262ee942
org.ccc.pb,376470873a8bbf0b94463b2e656e99d60d614ff5472bf41109495a6fde9c4ad2
com.matbakhomwalid.gatoomwalid2017ramadanewasafateidfitretabkhmaghribitorkimatbakhomwalid,377b60a05d60ce0ba4e77a3918b6d5bfd576ee2c5e634d01762a64b58bcefeb4
com.gamemavericks.farmingbeetroot,3782e2685d6cf20220e657cfea3a78f3950bd2ddca98c56c4558203988edcc58
biz.cutman.interiall,378fe75549532deb0dea836974dd1c528aba948eae031ca6d1d8c4de98cf38f8
com.itcom.ballareballare,3791bad6ed11db92007a9f07ca8ca817e8a915437115728d528c7b703e5d2a14
com.ff.aanisah.hijabtutorialpashmina,3793416e4d948eacd8fa804c75035a8d407a4b13e5a2ea709f13cf9b38ba6f72
com.example.loseweight,37d40cf472a9c9e2e29725aa4420ec246eef9cb5bc940fa8a29eb5b98e967b56
com.azirlam.donquixote.sample,37e382289b9017fe4e0e9fd1f13701ce4f75f5c13e7ddc8c4496814a0f997776
com.appsoft4u.jewelrydesign,37e53bb85c773ae0c7b0200429eb8aaab8719963ab79a149d319adbf4d780548
com.percent.yosul,37e7f1b931cd8cc8149eb37a3648a6e8fa7e42d2b10aef0c63f16abc3e451114
com.mygdx.deball,37ffebe5802f6c592932ceaa4618bfb99fbccd1915638206194dbae7f1689426
com.chenbin.live,380a9bcf819d77859dd55b6acbc97e730c747f6f7c379d53f301016aba1dc3d6
com.popculturesoft.carriveauinsurance,38231f8394149af115f04eb73abcb51930ac4786d0505edf8b29a8a6187fa152
de.unitedkiosk.gg.alpentourer,3825200c290391a66d6cdf1ddbe5e16746cc036981b53bd70a497ea0d0c47e74
com.miyapp.guide.StickWarLegacy.apps,384c48555f05108bb55303d6731d3f961ef43f353ec309f21b39d75625dccf14
com.hd.wallpaper.calender.newyear,3859f5f11fe2b32eba6c3ef43235bb1facb48372cccc3eebfe2556af52ef71d2
com.gss.UsArmy.MultiTruckTransport,38663add687fe48108dea4f85716b97f6bcfb0cd1c4d1f2cd752e1613a421a68
com.touchpal.freshlight_sleepy_cat,386c1fb01bfea3bf450c94554b0572540a5eece6dfb1fb6e3dba1f0e19eb16b2
com.brainstrom.movie.fx.photo.editor,389185e176c1e2fee22fc2160c066759637cd0eaea996b852116c09d27429498
com.til.dalhousie_guide,38b0730ac8375283820a356b852cab0c0c8878cb1fbefc089aa601723c8f5512
com.VistaSoftIT.SnowJumper,38b6110d98fbd2553160645f97ed0918ff0d9c91fed02713357e08d1f8ced4f6
air.EscapeGamesJolly28,38be4c598e78fded9edebcf52a58eb3c3571c2f58020e28d943dacb1c48d6002
com.kenya.today.ke,38c93d30faf9b56a1df418721391dddfdb1eea42e49eeeb6ab6deda27e8bdb22
com.bitgames.mazebreak,38d142658d6e88a704232bbcfe0ff30d3b7a9b7582c671c0e1cdd22bc5f982d6
com.bitbells.vegikid,38e3111e6eccdfc3dd9e61506689f22ec068b6a7c4db139b7c4429d0a691b422
com.DigitalDrugsGame.MagicHipnotic,38edce6b8733272d266ffa64da9fba000d52c99b33da0e7f3e635f7b97524472
co.za.hematicx.match3,38f51b1eb27810729670c4f97c715a977e1c2af4aa3358bc38153f7599a8c0c8
com.glowingapps.DuaeFaraj,3902ccae09b605f5e93bec61efdf78a8cafdb7d9b309bd38f2e3f5a01f0b5716
com.PowderandIronDevelopment.PINW,3913c7f6c76281ef84b4cd413c02bd1d21e2ef9df53785496310f86d093ad9f8
com.kimitku.deliplaysfortransformertrickbattle,39174d86e1aebd5b46ede2ab2213ebe352501f48c77b76ffcb86e064ce5bfaf6
com.rhmsoft.fm,391c6ce76dbec37822d04a428fea7cc1057bf30e51df6f3a9a23733bfe1c45c8
com.gls.mountaintuktuk.autorikshaw.driver,3927943d5b15d0b022a86424bed4e4c35cc79a288d56969a1f2243ceb9ff6c66
aquarius.horoscope.daily.free,3936c59bc8accb1ddab90907a9f022613ef0f4468208913789f9b3ca71812e92
com.qarva.ottplayer,393b38a29ff5ffccd6f7399e451f13fd1dafea3bac363bf0b73ea3d1e7cd00d6
com.coco.radio,394a544cf5b3fad27080b82e78af8af764d0b65dbd679410ce6c768de9a36ea4
co.romesoft.toddlers.puzzle.math,399ca1167066417985340926aab80e6e9ee4a2098c681a699d39c07cb801b6a6
com.js.guide.venice,39abc3bff1fb2f6f90c0eee9505f2e5b5a6253931dd02b9f1e233ccaa1ac2706
com.bibergames.toyboxblast,39fb895197233010349a64ba37a31864e3ec0eb4a20bcf55eb26eb090323c5c4
com.bbqsmokers,3a0b8800d9237865b5a6b4af9b987a531a1ab4cf79c3b73d5fd94b49032980e6
com.plafminigames.bunnymathsurvive,3a0f69c32878b4cf4624f1ce36f20955613bc61f57aa1c90e607e389a9673b92
com.denver13.multi,3a184e5700a984f7f29ac28bf3c954dfbc2f359b12aab3b3b9395bc7d37127c8
ru.royalgamesapps.futdraft18openerpack,3a5fc7e52ba0a4c6d549f2a8173a5b8b0f77e9eb3f504a3c403b3dd30c76b968
com.sepawnloan.droid,3a66880415ceed002bd40ad4fcbab7ef1c5f50b6d48a4d343033cdb56343d9f8
com.magmamobile.game.BubbleBlastPatricksDay,3a7c12fc1b21063f4a3e6ef8af2ae640e0eb5b7b3db4ce7f45b4cbdfbc7955b4
com.guides.minube.roma,3a8b364c3da5422d11a80051cbd185f935b9db678a323314f196cd3fe08bbdf8
com.PT.InFenceSoccer,3af771c3bd275ebd3224eb70f35246fd45849016289297db6a6e75f9ff5b2cf6
zawikawm.project.directory.com.zawikawm.application.view,3b03e8368dfa53ac280bc5ae39c574464a83f4970a0fc549023fdbba9d886102
com.hikersbay.weathermoscow,3b224e5bbdff9dea0d102d66031f9fe984e5a1177c7cb0111caeabb60187f912
com.powerproduction.fakecalldonaldtrump,3b24cfa63e3dff4907fa5ea9ae882c1807a197e045cb95711cb336efe1129c02
com.ToLaINC.Song_LEGEND_14,3b3b3a8d535517d54c131bcc9889d364053aed091aa726053849c3f97c16ec82
concert.hall.equalizer,3b4060010afd6f6b5e7c7bb367a63a165082dbdbe548ece91097b72b7fadae44
ru.autodoc.autodocapp,3b4ce818811df6f2e07435fee3d7c89ad7f2d94cabed1a93bbeac56453949b72
com.PhaseWorks.Offset,3b51ae950a14072b80e4a69f5f923778951256184c09f43ead0b9a9ba59a9a36
com.androidshopgate.goodeve,3b5d6dcd8682ef2b6d3ded7868fafd6eeba9eb7c06fba7106d7588b717bd7114
com.appcapsule.ac6900616001,3b6a14d331dc0d19993742ba9e4de23f5fe4866489768de30da7746a8eca76d4
com.cubescene.slider,3b6ea3275e714063797bde00a82ced2bbd89a3558033f4ccb060f09484d01c02
com.cyou.cma.clauncher.theme.v53a59290a41161137916762e,3b8571b9dd1b3c8381fb164c9ddbd15dbdb4b4e208ee6f16dd6c7cda4481d804
com.andromo.dev445422.app630893,3b8579c86b6b289adeb8d55390116da1d12783a220a1834f57e26c43f3760a28
com.mykeyboard.myphotokeyboard.assamesekeyboard,3b91aa5ee63e8e5c0e6d5b18b120b03d83737d26202fb2ddfbfc8ff32d3ec402
com.jb.gokeyboard.theme.iwstudios.goldglow,3bbd784d6e0ff3d01c536400edac1e3acc89889760a8d41101b806f169bf6844
air.com.vitaltones.stutteringG,3bc7d01540b3f9489800ebf64bc36b1d28ac95e07790a7a26e1dcc4661a655a4
com.daxko.mobile.marinette,3bc9929d58263c54e45161a0c0b2b77449f05f422985b8c95bbeb3ab6a9aba44
com.fivetouchsolutions.emgfoabc,3bf31fba66fd83e253ca3347fb172c2052d8004b2ce8d949b1ec4a8d0a653296
com.prosegur.sis.portal,3c135765e6f614ab0fa1e6bcc386285b54eb342e178bb305845a511625fa5168
com.confluent.chimioscope.pro,3c1ad407e99e50635ad2a10bec16b015f9b3d8eb9c74ed1e02aff4cd7cec4ad8
com.jb.gosms.pctheme.leisurely,3c21d56340f86592dca82f38d732e379e75d92a6c1e75ea672675cc355c83162
com.naturalmotion.dawnoftitans,3c2ee1ab1e9fec060f3904aeda56b942ee22fcb42154274f2e6e1d38dacc4be6
com.postbank.mobile2,3c3725a454a8a70fa79f174579ec0660c57bba236505540ec08bc4245dc73678
com.tomorrow_studios.balls.bubble_shooter.frog.puzzle_games.quest.zuma.puzzles.deluxe.ball.match.shooter.arcade.free,3c81474bb4e812e6b2bc7e9beae2c1b5a5d20900553b9dd0a8203afe3428a814
com.WinterDriftTuningVAZ2107,3c8792aa1487f1d5f3939d203499f3d860e6230cc087f47f3d47bb38f7e7eea4
com.aiming.eagle,3c897cfce1b6ddfe525209f4c100a4983406b9901f75fb4b0c0b69821906bdb6
com.myapp.Vintage.Wallpaper.HD,3c8d318cefbcadb21ab069d6b8a259c7938766fe9de5ad2ac296b0d86719e9a4
com.bibliocommons.chinook,3ca088af8d4b8ba1a23d337ea82950a514ab5ddefae0a7af3265a671f3fa47c6
com.cmcm.transfer,3ca121768d59120afa82be91821b43277388bb9ba19f527093764032c3aabdb6
stem.penguin.skater.run,3caba03d3fd6472d5d0c794effc69ca03aa9f282af1a265997f1ed4aab903a22
net.jp.apps.sikaku.kakomondaisyuutakkenver,3cb0b1717358d1eef297a5a4efa501830670b9a0282afdb0cf1fcb3d4d29d4b6
com.yundipiano.yundipiano,3cb3e3b091352ec9d4c2446ac5b56c18af46edb685b457b90aaafa36df097684
com.BlackjackStrategyCardCounting.Droid,3cc07a0bfba00219972e0d8d347fda9d2cafb3604b86e2c36abab50cfa7a0e86
com.appz.assistive.touch,3cc744904d702e81f0f0b7f31fb250b897b5979b4ab8c223d4614966e040ac46
com.bb.park.taxi.drive.apps,3cc94d9a59f3f0f821817d2494b88ee97e478bae6bd0fa4072a247fef0d111e2
com.music.learningswimmingvideos,3cf21cf2b26161eb848331b77f7aca2146d991a5f49206a2d224682b549b1112
temporadaciclonica.apporb,3d43d7df3795133a53dd38c80d8e886e551ddd959eacb80d012aa92adaf6ff98
com.romiapps.studio.illajekibr,3d4692d3db31355fa8a830bfb4e0220b980ff2b20561d427bc2a04e1845aec88
com.laylali.astronauticwallpaper,3d50af76a70123065cc8f65656fe84343387ab0517cb0088d1dd6023d3415b04
com.whileofone.PedSurgn,3d5f7aaaa6424d1b887d2c5a355951043a02976a3a0d33538384bef728b021f6
com.fireboltstudio.seesaw.car.stunts,3d665f8b983264052752855d03495d20785804547bf34908edd53b4544e32398
studio.intelligence.kamusmedisdankesehatan,3d7611a2009a474fb1b1897237ca81ddb9542eb594769366e9915be74f780a44
com.chinat2t63986sc.templte,3d808ead0e51116f0b116c35841ae20bd63371f479d3a5691edf384b48fc5d86
com.theapptrvllr.whistlercommunityservicessociety,3d86703c94bf70ce6216f2fa34f473abe2ba167ed0d4b51ab1e6fa8792dcec76
com.tal.ballbouncer,3d9bd8f5d8aec4a9e7a1342e2cfea9fd71508632342811d52b47d1b765d36772
com.tridz.fishandmeat,3d9f46bfcc36bb39f87845672aff6130502886dc90c56baafb725cf6823e0338
com.visa.jachai,3da5bd79550551294a2bd61613195e6bdd67338fdab142211faf9856dadce986
com.andromo.dev618788.app594279,3dbd75114b5fa236bcfc60e63a9d7653faf701b1289dfeae20a91071b8c54e26
com.atechnos.flood,3dd4c01b33c4bc210f43402cb0b1cd0e832c36ad7b4bc5331f65bb3c9a554086
com.vitanaschools03.bvn,3de3a28e088d866d917dd54bb3bed9927d05faa62d04e3895e60dccae1c30e64
com.reactionstudios.infinity2dhard,3de592ad744f0be5365cd32e3bb7d33e8338cc6c8c2d844dac074fc90fe4b442
com.eastmoney.android.berlin,3dff29ec1753bf7876c7ed8ebc868f407916f12d6a010c5f305eaeee05fabbd8
com.rachmatrizkihadi.historyofjakarta,3e2c7ae2b3e025e7804dfa32908389ab0ff102fb2b55b5e6349a3f7e3f15b3e6
com.jrdreams.photoeffectart,3e365c2754e9255894492dc669b521544ecc61ace670cea81033517679acf8e2
com.conduit.app_7546efb726964e15b9e64cd554ed7946.app,3e4f94bbac3da1ea80f3449e062ee24984c6e18d3e530cb5c72abab59e4545d2
com.tamazozt.lolocvgq,3e5f9fcf4cddfaa9aae8f8c898db1b18ee59c78f321ac56a58387ab0ca124782
com.alimulama.amalandzikirpagipetang,3e72de42edb182b64184452b3904e6619b3bd60bd9d6bafb9831572b713a8d02
com.pamirs.polvidtow,3e913c1d0ae81a27ed93832bd23b78504ea5979cc40ac937a56aafc2a06f7a92
com.counter.terrorist.swat.shoot.d,3e94a11ca1758775d53330e52740ffc38271b0080f5e18dbfc0ff9118fe77882
com.freezegames.army.bridge.construction,3e96f00c55e6364ecc65a679025f36a40c7fc4ac4ad40aa2016cf85fc7304b58
com.sohu.kuaizhan.z5496374642,3e97b8281f5e7bc2d27a646d7f8880a68cd27c1d2cdfaae0e2baf655ee869e34
com.redstar.games.whuzt.chat,3ebbe5573c0bd25352553f13422a151d7366e7af47bfa06b75ed7f911c28ac38
com.mapofworld.travelguide.rwandatravel,3ed6566272283ed03d5e0bd008d1d93bc3b8a1314c8d372e53c0ab16484916d6
com.jbak2.JbakKeyboard,3ef7115b7618cfa3fdd4590494b8bd62f9babf7dff775480680e5095eff48038
com.evlppy.airportsimulator,3efcd8a3e6248a24439c0376b7d5b1cc5d30c0908b68fa98eaf376da5f3c2ca4
amol.android.MyriadFunctions.gui,3efdc44cc47a9af731e26b2e4bdfcd651fa03f015bd032a155fd449568a0f4c6
ses.afr.dictionary,3f01216532d0a219415b9e422be8edc761b6c59f7dab293043d0c7ab3a35bcb8
br.com.app.gpu1765223.gpu714ef0c2682f70d2f5eb84e80be0ad9b,3f1063cfba44067f0892f7e3b981fc8a2cf998f9af8de278ab21ab9f80d68184
jp.co.rensa.beniryu.fortune,3f1e099be05570704b65b5cce38a1d99bd7b2de4b457c7345e5da0939ecf85b2
com.npkr.policesuiteditor,3f2b30e78218c73e61cd3d1c3316193295ea448694d599d62f08932694296164
jparsec.androidlite,3f69d3f844ff96dc19b1cd506bbff90dd63486bd3daee5baa889b5bd7812c182
de.GAlarm_Androidss,3f93291761fc20ae510d03e00265ef91674b488caa1cb08850c1041c51d0a074
com.sogou.haha.sogouhaha,3f986bfed367e524ee71287dda76434cf086af2cebbfe443692e2ee8d67366e8
com.yoondisk.voca,3fb454d7c59317048dc0331bb019edecb3417dd7a60624077f82d8aa01028be4
theme.typany.u7000000566,3fbd0ec2c2fb42eb0118b960eceeb71af127b6a5e34ccbfb3c79beab02ece5c4
br.com.as2.quizdoamor,3fd11e3f902e8c79bbd54afb80b4a40b491cc998c0e8fc75f8925c3e4862d024
com.topwallpaperz.brightautumnsun,3fd4a47954cdb8a1ad5d0929153cc481fe50ac425ffa6f052421bf01162fdd82
com.traveltips.app,3fd773c8bd9e93194dd03719bcfcd1a890c5b222c1510817343bf058cceceee2
com.leopard.wallpaper.freehdimages.leopardphoto.bestpicture,3fe31192d6ed059f5698ecfb6f4256a6395062d0157c3cb99a753f28a1a41f16
com.appcapsule.ac5200153001,3fe91f73c41d35a922812f57be8495899b5da83348d15529b78e8f0898a73ab8
theme.typany.u1001001182,3ffd8b5200d1768e5f0eba87c8e914264d255e02702a3c9667b30d8efd6168b6
com.andromo.dev628627.app628596,401044b296d9fb910f44e327d0de00f6a92d1b02713c9276b3cad691740b3288
com.abacast.wpbghd3,40105e286ffcc8b19eac02f97baefa329dc9115b226cab1f3fe327ea65bbecf8
bwebmedia.cleanupnailsalons,4020c711251fe0e4d1047ddab5e5d8650f08fc8b0da323ef2e0a7bcbf44c0456
com.witty.cargo.bike.transport,403fa6c1044397df296c3415162ac2bc3eea10d6ac7a0ef9520e77b9a88de016
com.bianf.avatars.dogs,4041e785aa2cfdd27039ca673777897bd14f7f18a42730e37e5df65fb7c28048
keyboard.theme.k820002243,40494c4e13973cb6fa7074e0f658d66095f427112840118d98707a97aad46336
com.MemoryGames.MemorizeSkill,40571f644a1e63ee7fb84a9900d4416153e3f5a3e9033b25e0a3a868795de748
air.com.krazyapps.garlic,40592685db4a40a4e711cfe2eb801d4e2016eae5464cfe07585d5b40955057e4
com.apps.balli.invoice,405d85c5ec4d4324e5091ead5ec16043838d05d819a30549cc3fecaec49226f4
org.projectmaxs.module.bluetooth,408f4c19256581445c4f13d86c291dfcbec6d4d4ec1ba4251a5d97cbc06c0a48
com.cartrack.fleet,408f720c0df6e143d9a15d613f4aa17898f470ddd568ac6b801cd0f695c918b2
com.jb.emoji.gokeyboard,40973a285f786126f9c7dfb65522c6786205ff6240774740548d46dc0bba6128
com.metersbonwe.www,40a769c3ab639f8b93efddc676a6f7e9b284833cfff5cb24779e41d91ca7a986
com.animidia.freethrow,40ac0ffd3992f9217671003de012fbc657467480d25b8c1c6df14d7756a44766
com.poweramp.theme.power_themes_water_drop,40dc36b1963c31739ca41d30ab103643317ba2d7ca66089bbbe752b0027d2a52
com.zaibiminegamescraft.angry.stick.ninja.warrior.fight,40dc6d3c6910fb5b894cd881a5590a07c73c448a8372598c578be04d1732e2d6
air.LostGirlFantasyForestEscape,4140895e6378db58a99d281a893b46ac36aa3356b02e799f3cd4832b21938d58
ab.slamsolution,414ad2387c062adf27e40da0c65532faffcd5feb35860d4644193b2c2222f696
com.dp.fitsim,4172a36777af6d8749cda07858720980da9b26693f568ee68022e8ce26b8a9e4
com.chinat2t67373sc.templte,41a1b7d2837a12602e3a2ba633fc0ae02d29ed7f5ea53ec1c268f2065192c214
com.koreacenter.makeglob.app143,41abc329f5984e7084eadf7f6661fdd65a6ebe45f583b78efa0b2d512c505c62
com.webedge.rishabm.brandchamps,41b8e422731de663c26df8239ce59cb0755e971a129074036294400f4ea02502
com.example.my.exch2nge,41be65a2035b0c2ee52cc99bb57af895a1af62417433fec965dcd3e5f299d6f2
com.graphicsec.graphicalapps.test,41c17c19704f3cbec3f78d00e7d2776778edc03ef9d9d4334337283f4e1ede44
com.creatorfactory.citizen.us.audio,41c4c667df4c9ad4f68a1799508203d36589479226a61475abb6640634449748
com.kicau038.kicauburungcabaiterlengkap,41d1236463d1d8f94225a976c3c100d598032739fbb79771404261b1fc7bcb94
com.bigapps.news1,41e75a0207aad3d3d90ea9cdc7290350297ae4ed4293c6f045671760bfababc8
com.ManHairStylePhotoEditor.StylishSunglassPhotoMontage.SunglassPhotoEditor,41e7d33d5cba8f637342698c0ea3113ca8bcd573182fb67b424d536c30ff9f82
com.ticsmart.youmascota,41e98a86cc2d8b17bcf49eb149718aed67c5aa98846fec2d6a2b220f61d3e074
com.menulux.client,4203ae20bd8c8f907fc56787fe5643a54c2a09e7ca329060c8ecd890d4ca20c4
com.abir.nabobarsosms,42195936c7558be67d8b78f624d6b336200e7ad00ef22707728f49d1876a7d58
com.dssoft.juegoclassicpuzz,4227617e6236d2916991f9b0225477b7270e67a5ec1deec1bf7b6b135200c212
beatmix.byjonymix2,425453dcb88d4765660f3d5cf07b0094d68699276fda062d137024830e1b74d8
com.ironjet.tk,4257d824142a33ff81c7299c8a427d8cbca03e73070c2f41e172394029d78d54
com.Tobit.android.Slitte7026814286,42588349f4d8d095b15c87480fa76119fd387e5687a9395d2730517454eecc88
com.kappa.app.cheat.codes.gtav,425ae54ffb62d7217c2e639a1fdfa8e3b3f63b4ec480e58a38fe4ae1e6f905a8
com.te.killer.evilattack,426094db02a8540828762472f8c231b6597b005a40abeeb87d57da8dbe6573a4
com.BeautifulMehndiDesigns.bashasha,426a39265f2f42002be6d890b0d38a62fb909e122be510897770c7827e6436a4
com.drw.veryveryplane,427476da1e0882a57badd6506fcd539252900f6f89edce7f23a279378b6e5a84
com.Gameka.KlunoBeta,427e588e7b35a16ea73ea1baa8b1de0e34ee80c4bff135f3484bca48dc888d22
org.oscer_jr.sandiego,42c95c7f5079f7d1d389c4c8235ca2a804cfc2ec4a67e6ca7725b06ae77a3b86
com.vietstudio.app.roundcorners.roundedcorners8,42ca909c7da63537ddc6d9723c262919278cc2615621b442035d0d81a85914f4
com.ondreej.theeasiestquiz,42e13a4200a93ea58ae5b22ec8c92bf30e86a4b150a83df825b7389d6ae65698
com.paul.soccershootout,42e1cdce7f4e299c66f90eb2128fa340c025025cd97c895fb8f0fe795970d544
kr.co.bnkbank.push.customer,42f1d3a49a0ae57d7ee1865ba0d697f0cab236643790cc203ddc0ab2fdd9d8c2
com.uniqueradio.KansasRadioStations,430b6b36454a21c5666c0de0c878dd8cf6c8c77b746bac1ff7ae9a281b4a3bb6
com.sanmi.bainian,4312dee96c4c36857a7a8f46511ec59ee7b93657e9014a92dbff11188182d866
com.soratalfil.alqoran,432d73438c637e6da53f7ffbc6e124bc0e1d571ed7818727659a9a897b4ec4c6
com.freshmint.dog.voice.translator,434c1f6c740831e7c3a71f9c8da6d2ee318296ed8697cb92ee7833b8803c51a2
de.depesche.facetracking,435095cdb44c819c07920632f3104298e5d7f9fd522f8c5407fca5350ca69714
com.gg.supermarket.killer.mafia.wars,4351af4d7e9b5d2efa4a4085854de1352b3f47eee341f873ced5892c0b3d2a62
com.artisapps.lyricalsongs123,43532c8a4a46558f96a29f23a8c1e495e1cbc8315c903601e6fe4379c7af4678
nz.codeone.provacnh,435c9d41282ad859cd95f0a3daab61ef32384a0ec3fd0bbe87c926eae954c226
com.ps.pha,439bd3a67dde914ed95d93973cbcd5010d22a64723cc056500ba595ad32a1d82
air.com.compasspub.ListeningDrive1,439ffcd31e4a1883243a56522efe17e27e0615d3f95e890a081d299fb7cd7e96
com.i6.extremeMotorbikeJump3D,43a8625facf190b1d0243cf6f4185b439511705cf836df06bbcc526874dd9da4
org.JungleTitansGo.runadventure,43b54615416f456e987e6924ca366e541042c26619dffdacfc408645370e7364
com.wec360.VastraSorse,43b9e4cc994f232c70acb664d563a8ab9ceeba116b161e06c0bee534e61560a2
call.sms.flash.alert,43bee44be351597ba73aa4780c090dfae6d50c213f6df99aca393c9d18018c62
com.majesty.findhotels,43bf45d696c89548c131312787596f3a5123c581329e6de5656b217b30ea92c2
com.topapptoday.ponusantara,43c8e2ec60a631d3861f7eabe8bbaccdc93a4c4181e0d99fcff1a5e2cccb5c62
com.jonathanroux.websalsazur,43c9b3021d88798aa3cab0677ed45631e3178877044f16c8468c99fbaf765802
info.lagutarlingindramayu,43e1131542a527ff2dd45b5041c38d1161e4df3aa1536b1a35e79aecbe1f89e2
com.h2g.tapdifferent,43e16c8dbc509cbcc60251ff88c86d8a4bd282e5e3eaf399fff73a5ecc543132
com.MustafaArslan.Motocross3D,43e8a638f748dfe7c779569f69e3045f2a4011c0ac3b997db967b630cf73e862
com.asap.games.official.Holes,440ea3980a5ad1f3ed81c3328524918ecd0e4e694097dc4a96b331f9767d5844
net.outshinestudio.prodriver,44562d10cc5d127362a8f3ece348687177f5c4a46f7985d6dd2a69210710ebb4
br.com.portalradios.nchd,445c1c9fe8a997580bf7fe41dad5ed2094bbe0d50b424ecd45915fc02d1f6662
air.com.applauz.superchargers,447ef3bb3bdf2672bd5c00e71a1cde9b18cd7c4c621cffdeac7464f4de7f4284
com.milsoft.TTECMobileApp,4482fa79d21a38a571390b37d64c9b1e4dbc29fbce1ab8e3f18c6e99247c25b2
com.NoverGames.MashedOut,449b30fd587ef06cf5dba0f1f466ce5dbb1cf056bc20f96ca56054e63785a236
air.didactic,449e521b2f40f54688b9b1bd9e44ad424b727195e634f69dffd3e87e7c575498
com.sonetapps.sepiphotoeffect,44ba94bb9d3f7a0907ea7ec3c1c09ceb4248873a9a0c18e709fed4f0a8244d88
com.skydrop.app,44bcd3242b28d54df4dc339ab512442efaeef861639cc84af11e9e9e6129b408
empower.business.radiotimesegypt,44cdddc56a602cb498d7b5fd09eb38615a8cf8c518b4c6e182b7fc0d306ce904
jp.co.mozukuapp.harinezumi,44dd9e485b63d3dbe51d4fecd78981527175b904ec6cf70c711207100a6e91d4
cloudisia.eventmanagement.storl,44de9f16a1fa1271b7f44c8fd7fea9d32b5b2ddbe5a2905493651a6040a35256
com.jacmapps.lavirgenm,44fc9ba8b7394721097b2fc534946f1af938240d92df5c3c861074292aa97476
com.ulku.radyo.teknolojinicom,4508b2f9fb48b439955f08ceae184ea7231471bb29c4fe7d8b912789f3d441c6
com.compasscroptools.monstersphotocrop,450fe499dc92ebb5862ed7f52e0a8f2e8d2dec9a839d8a47157aa69854bdc264
com.phorest.spaatdolphinsquare,452d1311b2a1e48f67650fd481b77f2c44f09b435103f3145ce4c7b886c24982
com.bow.dow.cow,455583265f1239b1fe856d4b2e375e08d67c0c6617bc1dc6216598350df9a398
com.revvsciences.icolorlines,455874902ab7eb4713a3b37a348d5c6f323415ac11384fed9e830fea56b53562
digitalapps.jounoshoktihouse.com,455ef8bbff9f1da5d75851e7f8c553e473c1ef6d0791519b1db8ad921973cc28
com.AlApps.TupiQuiz,455f574f7224996aedb428b64793d82c165492a50ec97db8e8b9e937c14dd836
com.zyplo.technocracy.android,45989712360584e64fdb0879cf689f96d7a40096e4a67b704247858bf95c96b2
com.halloween.Ghost,459b41c1af359c9b8842201ccc251a2c254adebd05ea8cf70d6694fdbb81b4d8
com.ceteralabs.dfmorsk_new,45b48baabc12544da11832170c506805fb5f69982e0ed01c68e6bef7335ac0b6
com.spotlight.news,45b877616370f9f29410073abf0cdfcda0205b6bafb37faa450c45665c2480f8
tops.sweets.recipes,45bf9e40e1fd2929968881ff8c63ca6b824113cca6035a0514f3fb20e43398b8
com.gjj.farmtrucksim3d,45c92a0e085e365e164cd2b3464186e3c434a68d4a799dcd09efc83ba1b42296
com.smarttakeaway.chickenbarstalybridge,45e5adf591f9cfcdf7537bcde48b5b96d9ae3c332d9e47185a96491471a1eea2
bulut.arabeskradyo.com,45f8c6afac5146d44b107f3af7e995ba18d644a5af4b336a201ed7b0e31ad9a8
com.google.android.spotlightstories,461653fddf6b4ed8408b12ca0f01550364c2a0e485bea5d759a6fa835e3f7212
com.threed.underwater.futuristic.robot,461a31242c172d53346a1b2cffbaaa1c1a4c5b04451fb83989eda6fc6c7335d8
com.rpinfosoft.quotes.shuffle,4625339b9f97334e9e57b6ba116e76b3dc048a344657faba0228bd2075273654
com.pinarakapp.kumpulandoamp3,463ca1f0c1b5a8daeb46e1f98897ea07b610b02fc758968b9b6fc67093284036
senderoshf.es,46412611431658424941884b37ad17d817f18620f60a7b344e44897d6307b338
com.anadolu.org,4667d120056ca1822965423661d90ad5a9e0932c33297ee4fa6fdb7ba5eb08d8
com.inpocket.design.decoration.craft.interior,466b13ffd1357153c56a5d540ab1c128d759773d6b578fe9044f460bc7f62cb8
com.nuke.supermario64,467991f467e0f80df5f445030ae044d3dce5db9b2154101ada9f78dfee3d5652
net.jp.apps.yanmaru.onsen,46810910d569bb40d268a09b99b93e5415eac153b7b88db8206b0db41b8fa592
com.skele.EngED,468ea5398375a8f7fbcf9454ef03129638aa79d7a1e77350e64ec68fe729db64
com.dinsafe.magictrlair,468f6df96e72286fda61cc8bf3ca96d3069112539fdbb6a39987a93ae0e12f52
com.GameStriker.Cargo.Truck_Sim.Gawader.Port,46ac67974f7a862301a37d31078ec78252ef6bba66f22f8b53928a76378f22f8
com.appimum.SuperXRacer,46bacb467c9c718df5f910d50fea130666e0de9629d63cbcf246bf021a75fff8
ir.mori.pashekosh,46ccbf68f79b94436dc018403bf408fd6682e041be522ea6e78cd71529ad0e26
air.EGDRescueSnakeCharmer,46e4c2dc92a0ac6a8dbac4661977a08404f542b3a76da2482f771b52a299d3b6
com.freegames.traindriver,46f510eeb74c5383eadc144b670146d325352e97855043dd704268fbbe0304b2
com.ruberapps.cameraelltt,46f5e580e92545e5418bc33995e0a2043eebe6d523b6a8d90925a6d7348d75b2
com.hg.gunsandgloryfree,46fe70f369bbbd6f5a8f6991e9d59d21d193d58f3dbb8ce0c2006f36737c1456
com.FSStudio.QuemSabeMais,4700d64ef603e981e12690e452f6a0dffed259527a19dc33ff92978ffdda7558
com.arludo.startleDisplays,470769ac28646c0f5d57dbee6061c8f574f513605ae3bed803dfb0f4681eab12
keyboard.theme.k820002152,470b2d255e146cfb5d064fe21a601c047abf8551b5abdf88281059d9f91ad826
com.iogamesx.spinz.io.neon,4720c5886748f373c780836a30f808890633d2c7149efd91447f8724ccb65108
com.bk.animal.transport.truck,472c6fc7293ac7b11c5384a01e52a62531e5e0fcf4037f507348fe885d80c244
com.czzyfnsoft.flyer,472f8ee067630afffd749207eb3f489213a57bfb81bb596de403f442c3c52a66
com.fancy.fontforu.taidamkeyboard,4731799c63328bcf047ee2f03d8216f560fe19af8ca62107ffe8bff3011ff784
at.aos8.android.aos,47328f290da8c1db72310559874b88092e827611b08b5debb5daa62b2e3b4a56
com.eliloss.batterysaver.lbatterylife,4741aff99dd80fb2ce24a317e3d0cb65268202e3758c3d2de94a96cc6af202c8
com.PrincessPower.DressUp,4746e93a2867969db5def0463e29b18777f04e736452f5a4505e561338d34426
com.dashyalien.clumsypanda,474d89e2ea6ee5c576de3323e72f610c82a0c1aa399acbd74625edac823a3316
com.vectorlabsapps.tapwar,47731457fdbccc984cd46e0cbda3e6335fb108c18cbacc384f7fe759c7a9c5f4
com.MB.Galaxy2,47ad67e4e2aa0e69a80455b5d1be9c933eb536803f2ddad3bbfd74a48cfaf596
air.com.mahbakanarfokharbashanbfgfg.frkashgahs,47bc55a2ec3abebac71ec8a2dc08de4c693f4f647085e5a7aed7cfcf88acf764
com.coldapp.at50rooms3,47cb4a59dd96c7ab3f16c3c0871f772198982cf7edca1703829f4e33e28e98d6
com.GenovaStudios.My1911_Lite,47d781ee3f3c5cff80016f9f95b0fe1cb20ddc149288b676948a5a73cecf57a4
com.spotware.ct,48040c421db3d8e1a4a2679fbe7bf689ae20d9fb3f0901d859cb4813f3a8a8a4
com.stencyl.owenfree,483299434bc1125fc32d032e06cc4367d2f3d86f94917e4448c6f1341d7a4426
com.bariskaplan.realcarparking,4836716a8c9608a688b185a19ebfccc2d1c6b9c6d17d161fb4a13c3685e0aaa2
com.andromo.dev589470.app573191,483ef1151c5c24aa7d3c58309db97ab6b6df733a35cbeaa9b46863ec86d0d472
com.whitefieldgames.pyramid,484c2be6f1f3c4a085e2d4c0b56c5175ad1ee368c65249d50d4ff82f5a7c8578
com.PixieGames.Piano,4859882b7dc02cc5761dff31a27acb49ffeeab941ab7c6270ba954b960735332
jp.pluszero.tataki,485bed3587aac6d1cd78f52fdd22130c068f896697e06566fe1c167114b39dc6
com.ale.proserv.guest.hpmc,4862d5cfff41c74c3a4083c676c05bb66c1b381bb45e038efb23a04d42190794
com.mrblue.payungteduhresah,48663e011335beea82d60020daf4db1f598f019a20ca18d248ba5d314f942cf4
com.topwallpaperz.fwaterfallfheight,486db7f73e0d31b93b814e66e482fd87489f74eb65b145f381d9dee1e07315f8
com.copyharuki.polishpolishdictionaries,487c5e50ae840c08e729ed023b5d2a3c900acfc7808706777302657c1b7d3896
com.leonidshkatulo.crossbowshooting,48ea72fd9738b9f71b5832560c3e97f4045c8b0ad31a0bae10eee0fca9539206
com.monotype.android.font.calvin.infotech.twofiftyfontsfree,48f8cac547076a558fb446d42a3a3f3192ce061c3aa6e5003c3a49b244a05ab6
com.luminousapps.livewallpaper.wolveslwp,490afea0b655b94c4a0ec656821f27eb86c2c8b3918b0343b4906aebad7b4324
com.nobexinc.wls_76037674.rc,490c0435c8374bac74e7a23e89fca386d0a03069acb822bbe1f4d24525bbce86
com.app.p4104EC,49190bb10f5d75a91d6a13054200f4f0320c838bef4a5737e56d889b4a0e1a84
live.wallpaper.niagara.waterfall.choppy,4928aa268c00d82c339e3b2573c012869f6e12279cf817c9ee1bcc82b77c9146
com.ImaginationUnlimited.instaframe,494ad745bf881d90bc1a2b62f749c8368c48536272e9c242bdb83bcf122a4758
com.chocobanana.gandalfwallpaper,498ae15bf53275d7e7d2093c5bb3ecf913a00226fac87508bff039e10dc51d22
com.hawla.l3alam.demo,498b9e98edfeab8c2d348c02ed3531e7beb50d1528c16a63e459294780e6d512
com.WeAR.PeopleIN,498f0026457d2638f03dd0312d46f85cd3558f355b1cfba9616415a9589c4ff4
com.adib.mbs,49adec1255e6eeb1dbc9c64e62157e01220287a1581b85ff4c622ec55dbb5a86
com.fountainmusic.kandobadevachibhaktigeete,49c35b12f7990b75882f4a469759af44ec8c06a7933049d00c257df56cf48ad6
com.prs.limoparkingtrainingdrive,49d51f27ab49c90992b98ed0a9d0e1cb9f8aaaf891443fc7908ff2b4a1588562
com.NinjeticStudios.RealRadarGhosts,49f48fcbf0864355a63f17cb155de47be319b8f89361330a249fe2ceea8b16e4
com.T3.TuckersTemple,49fb516c405d1c8db26f5f3fd339c7ef02dab8067497c5f29f711edfc4667096
xyz.multilukeraprogames.BallMaxZ,4a22c48457b70b08639b0d90fde8cdf7153f7a530a2af449ffd0df9a62bce242
com.loyaltyplant.partner.amsterdamster,4a2e2d117f32c551557d5c7b57ef9fd55e714cc0d1ce2f37c1a657c1276cb9e8
com.resident.villagesereno9a85,4a4eb1c9efb5fdccffeecd7612728a4b59eeb57d6c4124fa6e32bd818dc48bd6
com.JohnDeere.JDS700,4a4f7307d68907f7ccb167538482019d2a43f536db07fec9fc56645ab43c03e6
bluepin_app.cont.kizcastle,4a7adf9abb1cfe68b29c613cb63103112d9d3b224fe913d87c04dd569688e402
net.lokanta.restoran.pilicmatik,4a826d69fcaa8ac1cdcdb2b46c934a08b00314f26c0db568c0eb01c706a8f514
com.movieslit,4a83fafd5b3d0278eb17f37e7eca0ca8ca9ed26124a9df8866812e5ec05e4d22
com.velcusso.coindozer.slotswinners2017.slots.machines,4a86988b693a8aa3c44f5a21ecb0d02e856008bc251f3b79a58399077fff27a8
com.riversidecoronarealestate.stack,4aa2e89c1370c9d94d3735d6b548b53cf97e668f642c2b8208833424a5dffc42
com.louli.community,4aabf8e93091f8da1c28dc88fa80b8759e5d4d15562f11dd20722b7bef2add84
com.echurchapps.claychurch,4aad7a72a17110a6817a9dad12f4241465b5e19e4cbac39d29f71fe5a67ef048
com.tfb.npk,4ac565a1bac03f1f6c1856be192d3c188cd89050a1ee910657b91275902b7056
com.appsindia.jesusframe,4ad1d7e73f227aa30a15d6dbcd54f8e822b8f91a2611873807663e424e9b96b6
com.angelsoft.merry.christmas.sms,4ae19286412511740ba5d4e16d57f75174ed290955c3779126b986032003d3f8
com.radio.belacruz,4ae8a54301079a2de621e83baed890ff8ad3fa37772096914c8def0c7c277ee4
com.tb.meals.recipes,4afa79013163f6cf230d192d55811e274e25a9d90406db8d1450f4af298334f8
com.nicedonegames.procarsimulator,4afd1612e52ab6fdcfb880c67735310de7b22fa34738d0af6dff2ef735399648
com.khoda.waal3ab.sihriya,4b01905c9750d3103e3766449554962ef0378456f52d9f2ac6e7f5526a207296
com.gurjar.gaud,4b0409a4b7c0877c73c3bdb6873b23ce657798b235b80c91055c4b8d2fe6ce58
com.lucidmediv.angrytupac,4b0ca95bb779b779e767392c72db8002a92adf4817b241c64804983c0f29ba32
com.creativeimageapps.RosasParaCumples,4b5363fd3f1ddc115c1a48ff10930b3d99eb58305b5eff4b53d47e4e2941caf6
com.softlitude.thesnipercode,4b5e7489f32f81512da3ea5b43e18db8994fda24da7231c0ff624dfc546555c8
com.primoSocial,4b647d1ed7e8a5ae8a72be33ae37d8aa30b44363b127a87f848a211d7a8af3a4
com.BalletWallpaper.androidto,4b70b588e1a8cdc15cb1860e3c079e301fe6d312ca5c4e9764d9cf89c9b1b2e8
uk.co.tech.tedo.secretcodes,4b7b6f28156e2122e551288bc78e23d771f7bc87c4b8e3412f60e60afd9d4c86
com.PixelDreams.cardiologia3D,4b9d77d9516c6e7ccbca29e5bcf8d9caafd124acb11090ea266d76b754631a46
hk.com.joybomb.qubot,4ba83d92fa526e4ae12299b74ca4e54ade87b78f62be45236a812d63e3e54e62
com.sonyericsson.digitalclockwidget2,4ba92d58beb84b474fce709a523aaf806c271b1fdc3ef6d1e123b85ef519f096
com.roer.boogeyman,4badc96640fbab34c46f1c70392ae4b7505eaf2d772e512ceb4f27a3670f3852
com.happyduck.newbornbabypetdoctor,4bb54ab81a351429c3fc888f98dac97d6af25729263bf2e00b6aad2ba2219168
com.gunlei.dealer,4bbcfe54a58d133462817cdb4117704200d9287b773c726220246c1cb71c9ba4
com.whopokemon.game,4bd6948a8a7e14b7a037d7d1cdfa7ac8fab578bd9f5dee46bc808b89e397b716
com.benanapp.scanner,4bdc4e54c60b4bbb0cd995d648e3804615464fd361c0823f8906e66c8384e862
com.travelerpocketguide.TravelerPocketGuide.Nassau,4bdce6326b29615144cfa60fe13b35cc76ffc5e8701a617503dc42179fa697e4
com.DogPregnancySurgery2,4be843e7b776375005de722467efb24711cb1933553f120bce9a6ecc5a1726d4
com.Deno.Sudden,4bea8ad727d9f94c4da655fa8ab926789a5672e6b28e2ba43e0ab3e7806d5558
com.ebrainsolutions.topenglishidioms,4bee5a35876075ec62dcbc6201a5c33b6681a4641ad7c891495bade3d9df5684
air.FlashToons.MyTown,4c052b68d3914be6a63a42d8cfd747ec9ba2827caebc889c00d9f51bfca95d98
com.canliyayin.metrotv,4c068782cfb9a5ba8f0542a5764cd51455e4a9d4764089b263253ac8fdda9702
dreamgamez.SWAT.Commando.Secret.mission,4c1667e6a35ecb81ea0841ba79c72a0178392798552f6b8f53120fd71d2c0bb4
com.avenirstudios.dpforwhatsapp,4c1f862358853f420703146b963c55d658544c9cba3400fea6c098249d75d0d6
com.raptorinteractive.gfz.multi,4c2f111d99df501268a6ca7d9f6840b06d3f327c7c48ff518992930446fecc12
com.nicoplvgames.snakysnake,4c45fb76ad5a4a2074f65d1972bf75d8fb762f0d490e1f23ee8440f75bb41df2
com.kairalikidstamil.tube,4c77b8b3430a057270e31621346afdafdcada896821017aa517cc11aabcd32c2
com.clans.sharkhunting,4c8714f1688a65c87edf9fb57802aa3e47b5f565f2cae649f500453b4afe6a86
edu.ucsf.drive.prime.android,4c90e7b10bea379c88b6c3c678b18745aa99c7c38af2e830303aea400f497cf8
com.hexa.plant,4cb71b05ab7074748fb1ad6324d9423d34334114400626f5bbaf9e3e09709288
com.doit.findcenter,4ccb92efd69562ff89399f186d1621740c6113e3e1efa9a42cc370f5a3065592
com.invoiceapp,4ce70336f37ff6503c1e34924b1891b1e71f7484a2626012f22fbd34c1706154
com.bokomedia.materiIPAsd,4cf7d7199460d6ad79d2affb7fbf551e54ec220cd6a63cfe35e360b316bbfae2
com.censoft.TinyTERM.Enterprise,4d05675af63ccba5e2bbea7186534462f4f9b59613b39f6523cc4836dbf9bc58
com.alba.anatomy4kids,4d074e0858926a2de05b17fcbecd067605143696ea8ae7c1a18826b72c1b3148
sky.simple.concise,4d0fc6eb048dd5852a3b7c79c24de36caf4889329c5e7feff18a05c00a6a75a8
com.appmakr.pghschoirtour2017,4d2f19cfc57d0c962bf0a0c63cab0ef8764c72a59fa59f13b832c33aaee50102
com.ayge.cas,4d31b1e9f6783b77c85e40bed1e9b1c55fd6c04a0e9d7151e0d8285dda9e2d92
com.kidsbypok.dinosaurgamesforkids,4d4f160f61eb6ba9d3bcf3692998159aa61ab92c9240be246c7bc3e643bfe8c2
com.LyricsDrive.Kajol,4d574d5db3410c514abc6a0a5a0dc6952a252c528d6ea0b72947965a9a84e552
dpg.yousef.shape.nokat.nokat_shape,4d5e8085e6c5c85d2c52776c39641d3a0dc3335399debc0180f776c0b7c49fc8
dabsha.games.zombie_master_idle_clicker_tap,4d6e94edcc64d2b15005a85193349803c25e741f75d79b8a438aed34d1c80924
com.binarythinkers.jummamubarak,4d8109ea322355d3ed6c4f5e52b23e8b6aab0738029bfffd360dbd9f93444cb2
com.ionicframework.myapp605345,4d90589e20af63546ca4259515e0d4550045a15c235db7320db7f92c1e365ab6
diy.keyboard.blush.gold.luxurytema,4d91e4c4055e87d04e88ae49a326f1cfcd2c001c347d0bab4d8d51ed305d9916
tw.com.pcstore.vaeecjb,4da8717e42a289cf5151c687eaa6c3765040ae0baecdef42edd918340ea367e4
keypad.pink.shine.peachblossom.sparkling.diamondcrystal.input,4daeb2ebfbee4287e2e80c38d86cf7751e242c86f03dfa2413b4fa82630cc9b8
com.tracktrans.android,4daf3a98bc25fa87891eada750a73c9bb2a6af78b55f06f18270b775a0ad8a04
com.SigningRoom.ShreyaGhoshal,4db96f7328165ee3e55dec2fd1adc87528ca050efa5960a75552984e73e86818
com.alidevebakan.nikonnhdcamera,4dbb96c368c804f2976be484a561322139922e61f679eb092df1c92458e9dbe2
com.kalimat.ahassis,4dc7f9a3190b8081be9e48b1035a656d432c1f7585c107565491974a1854b632
com.studio.fruitslice3d,4ddd87693df2e8a35f06feffbcf0878ce343a0d5cdeb381bebcbd96a21c5e226
gemaxx.draw.ninja,4df716838cb687cdec5c5cb99a5959216f4b48042e541cc281110eee5d178a06
com.gmail.germanshepherdaresocute.minustimesminus,4e04ba887e4dadefcd7d4a66c27ae8e685d91920b753577961b94631b0526498
com.lcstudios.junodating,4e1cbb349ca9edd43b3b1835d17b9748317fa6ae1aa421156da9bc2fcc4e0df6
net.peakgames.ginrummyplus,4e237c96bf1dbbebe09e31a56e019993ac62eaab5be233ac266867318f9cf392
com.timecue.timecue_tablet,4e299d608a21e8204e3b24cc9ff46673c6e66a153c1509847dcd0a4e1852f948
com.face.khalfiat.banat,4e34d9a97f34bf4366c814e6fc61458f7f8ff1edde0c9fbdcc8ca946694c0a74
com.polymorphicstudios.yogafitness,4e3cba21f80fe815afb5b0659607e54ddbf3bf95e979d8186548351897cdfa96
com.andromo.dev396765.app382028,4e3d61a2641dd7e7d0ef03bcc17796d660f56ed8c1deeb36b715fdad3c031aa8
com.tbabadev.app42,4e6fc350227ec9a7d2ba163221845c38989d067ac4da82542ede721cb16420a2
com.gamehouse.animalcare,4e82e6fe8ede790b70f7ca861db5d389261885421f6e3687de4be8f39a62c136
com.funi.cloudcode,4ea8ffb90ae65fcc4095b4c1a8ee2a902696b9f20e2d30ff9e0fe1070d70d9d4
com.simodevapp97.algirinowaywayway,4eafae958ef6b028ade1f1de488a9374b8f83dd1865b2fe628bd0efce2ff5de2
com.itodevelopments.firstaidinfo,4ec5788de3f689ce18fb10d92db66acc766ee0cb0e78c9fcc642b980ed2f9802
com.fesiapps.all.pti.lover.and.his.fan.photo.frames,4ec97e2b836085c802889d41ce2ad45c624591746f26c644402eda58cdd3c994
com.historyisfun.ancientmacedonia,4ee3d6f52c13d74115f877e09501631bcb62eaad7e6125ce7b3d091b75dac618
com.manarainvoice,4ee45e4f1463682cfdaf3a2940d030d362cccfefffded008ee8396490659a574
com.macadamtonic.MacadamRA,4ef03f8d166339d70e6cee881401237f7943106d00c3a789bc3404a0e3567ac6
com.Rommana.CrusadesWar,4efd8932df5c4326685e96d4160a2f8e4f9dbd8291ce2030de851376156b8ba2
anynet.sqlite.sth.latine,4f0612a3ebaca6da5cbbc8b6825fde56f7a314ccf2fe39a29547beaef9e68a46
com.fxsolutions.fxess.android,4f0d726e370825efa1462cf612416a9dd440aff1c6127b6a62d79d316ecadea4
com.islamicApps.Bulgaria_prayer_times2,4f17e1f821aedb0dcf23b295c61dbd06b187d81dfeb67a01e1df97ccc160f732
com.gamegaga.hc,4f1f2128b4a0c124547fcfac3b8d87d756cb109adacb2897fa10516c99821834
com.nahmeenstudios.survive,4f28d48e0fa5a735e3f3ca935bd05d4f6ab5e058963cb131afac8b9a3ea197a8
com.TieL.AimUp,4f30fbe5a1400f525907f4be868b2027f9403d543fbc26b3ea86402e1707c9d2
com.sntg.slots,4f348374bb4a2fb457d159e9fd045eda637fc4f42de785e296e5dcde1dcaf712
com.bigroyalholiday.app.main,4f407cf808ebc9859dfa45040b768b92debfded5c95badff0454aadcdb8644d8
jp.co.alphapolis.games.remonster,4f4be419668af265591e9f19289e422dddc169339486d8acf8699136195ac658
com.lookout.net,4f4ea6e77ec907f9ff0286c1ee5603404a05b5dbd5b6e0b492785b91204ab308
com.bgracinggame28studio.bubgupracegame,4f54124a3d6a71ac5da0ad0184130acb4a3ca1a83016625bc6f9cca8b0123096
learnersseries.physics.mechanics,4f6a2bb65150a089c9d6775260a964e05d85c79d610573df3a28fb1b045e5bb8
gr.takeda.iv4ibdgr,4f75b0bc9789f9c279842fcc7aad2c8dff8728b37c61589b5215832e517c0396
com.EvilEmpire.ChessGang,4f7bde7238362188998b256c7f0a636230e34145e60b7ed3169cac172fd397d8
images.blackhouse.nomeapp,4f96c318b8f6fa1d3e84463a384cc09f730ed44185f61008e1969d12cf848fb4
com.indiTech.weddingcakeinspiration,4fabbbf7039b452c64f3fed50ff103d888bb2572096fc0e47b8fa8d1f925bfa8
net.sourceforge.solitaire_cg,4fad5a188ef9d84287315b6041dccd3ea0db61e4f3e6f6b6e5043db00041a4b4
br.com.carambolah.gringocafe,4fb7153d080b923cf6bf0f308945374a1d0af2b11435ec414cdebf1e58b03ab2
com.gamemaker.gameChargedParticle,4fbed48b54a89518122a9d7b2b368e7a1d82f8506b88390c4ef56f74fb0e46f4
com.funnytap.nations,4fc55b6d3ab93ec38fb76d79960e283cc69ac18253f20cb6a7bc28118bc17ac8
com.gamesandfun.policelightsandsiren,4fd697c50cf76595b2804bbfe337cba1789ee1d7c5629433c89fb24c2233e602
com.alsamak.mohammed.she3ereraqsh3pe,4ffd64d46645d8c5e4ef411249518d1c49cff614d72d252a904327c6ce0af5d4
com.dream_fes.drifesapp,50218f190953054845caf012630f33fdad5095a3afe4b087e014f24c37e80ca6
com.lgdevapps.trumpjump,5034ecf13e4274f0d99851f308ac08107d2f210aa7991c5cc0298243455e8d74
com.puzzlerdigital.sng.pathfinder,5069670ac8fbefa4feab4f367e70232ae959f09255ceb1b3ea6c19705aabcef8
com.skoolbag.crescenthead,506deca9d3ac4a9d3f7db221bfa1d8f703e398aaa8802f6044068f95155e94d2
com.monotype.android.font.fiftyfontsforsthirteen,5096ecee3fb4a3f598cd055b24991a89881ff26c1f22b8685a4710e86347d796
com.appaapps.top20horsebreeds1,50970969910db544091f1aa5a2c4f809191c6d48ae8475ca44eea52f95f5bfc8
khm.fre.dictionary,5097a3e47318ee1c95cfb37b415ddbf48d58b5225deb1f693aab911f177b8528
com.softcen.tap.hockey,50bbee529ca885f142e3271dd6be415969b625efab40ef193efe4cb2702b4cf2
com.gossipse.gossipse,50c840527a34658bbd38c93dc848fd54bc34cd4c71fdc5d22609f51ee36d2586
com.smashinggeeks.cricket,50f2c6433eb3b2ea4beab2ecc8f4d6ebcfabccee55b3d9d5eab6260d37897c86
net.nekoapp.nekonedari,5111d31bf74c7ffc051e838459e5681c0906b131423a7cfd8fc3d6d9b16c3002
com.moreappsstore.LaraGeorge,511248ea2397b04d04bf4f85a7242affde7b037982c8444ba7e3e009c61d0b82
com.accelainc.psychixx.fr.droid,5117e22cb54a7492d8638b22c61f80119e9db5ac483564b323a3c207d350f3f6
com.phorest.imbuehairstudio,511f01e42c8a305eb30b94848441ea3d5dd1a86c458c64289e7bf56b15b21b56
com.eurovms.mobile.phone,5139dfaed730be6dcead7e5daa3c5eff0b26344d87aef78eb6c484ad2eecbfb6
com.cocoa.cocoa_18940_59c322c8747c0,5140a8719d349efd06d87be9bcd4ce9d40df64ee1b140dc19129a1fc8e499206
com.samoronin.FirstFlight,514180b87da1e7553e8b1fdf0e0ee0b2a9cbd011f9e1c2749cfb05db52d8e9d8
com.comunicarte.mascochip,515298243810de32d271022951ad09f56fbb9bb8a4013fb133a7c37f00da0e28
org.tokoonlineindonesia.apps.tokoonlinebersama,515bdfd5dcb9d68bcec49e4a76886fd706abf0d572341c19dc1d8321ddd54ee6
appmaker.merq.BqbPa,518abe6b545d7be092927889dadf0b87836d5d68d73d71e5d67f4d52296ddf36
com.whiteclouds.silkthreadearringgallery,519798c91f4511b5ed900ead21855f0eccda228c98a3dce1cf5f5df8c20a30f2
com.teklabs.bniq,51a1af9714ba631945879568177aae7b10b3bfe25fbae5d1910b2d2875a98422
com.ws.king.of.monkeys.city.attack,51b3dd5890486b24fa77bbc7454142b4898413323a8d55fe5df8fb453b6a7964
com.lamar.smsamour,51b6e8c1a1d5693f4af19191e4e0b3ebfbbf2081646f09b9a7d923e586086c52
jp.ne.apps.genryuu.kwp,51c7c78f85af43fb4f1bd47e3b15cab4d28ebf3a2aafc420239b232da28d3584
com.gullfoss.wallpaper.freehdimages.gullfossphoto.bestpicture,51c7e47f20451b471db1de9ba829903792f7121cd6537e050e23545b905cbcc6
com.REyes.client,51d4aa8a6a68c7b95e9b96e6ee65023c445e981932bbdd2cc7f4979fb573d296
slots.auroraloft.richestspin,51dba8848338006f00976daa68f40cac195237989271fb5cb1db5a416d6efc02
com.jacstudio.hardgems,51e146da1e97aeb35f427b37137aea471e380c4cb42767b4f9f12cdc404bd4d8
com.scoompa.slideshow,51ef1a6df6b27a5fe63325bc04f97d317c19b2ba42a8d475b7987488bb250546
com.universalappsstudio.flashlight,5201dd993a96bd81e6f62aeee6fe905eb5259ce55e7f777de09a41499e548f96
com.appcapsule.ac4800152001,520e5ddcb628b0cb2122e43eb09c6e1ec84164be17f384f2ba24c27b61acff66
com.ezdaka.ygtool.material,5212da38a40f5ce7038a0e3ab9c2487887ebaf31c77954765e58741edd4141b8
com.amazingapp.Henna.tattoo.Designs,521612cbb76e8f4703a8368714b622e6045bec7360e1bb77b0283cd1be78d8d6
com.manaona.vitonjob.hunter,52215a7cad1a17fa32e856aa5fc4665c60291f2cd0b6dfa2b664cb7641504046
com.vrseen.appstore,523981beca091fa5f49c3f2172689e81957a6e137cfe94da8aefd293ce28adf8
com.tawba.ad3ia.jadida.salma,523fdf829c3f82fe495b41e0c75e632b750ff4afe95dbd570aa755827d531132
com.cyou.cma.clauncher.theme.v53c51af53a43b4625377e4d1,52414dff2e3a59a97777b3fdaabdd7124acae375455b656a5edb185172f78dc8
com.delicious.Paleorecipes,5253a3a2754d33e63003c21da6bafffaa5586935fa2bdbb100ad78c391b6c158
youwe.mono.js,5272c4de1709b673f6af733ffb1d7e4554ec9c3bd612d1c563d4752b23ab2b44
com.mutstudio.starstuffLiteBB,528f2ec932214f1371b6bd435e0b622d85038d2046191aa8ac74a67c767b0936
com.dwt.rwadimf,52983fc84f11c53e95e45ffd278863d0217eb2a748abae61a0a7c9370ff1b902
com.AStarGames.SuperSlider,52a24111b967c7b06c388d91df2439122e6c19db4dddf81824c3540cec1dd724
com.cuteboy.cute_boy,52c5b0a57e4530951c9057adcfbef72438563c3c905e0c2933263c7256a6de38
com.prajwal.karnataka.vehicle.search.registration,52f4de93c7f70dc76af00aad8b54940fe6037e21c552e6cab83cc1c680a6b3a8
air.G2JJollyBoyMarsEscape,52f62d455fc6a13253938344dcc4d630f86cd96bb26cb52ee8990daee51974f4
com.wosaitech.k12student,530df110ae7b3e70c51da971a9024212915241ee1ad85f493135d99c0f5b8652
com.medibang.android.jumppaint,533c712ef2573cfbc1d49cd7aa339aa0e8337a52b6abb76bc88c8f0a413e8de8
com.ayodev.kawaid.farancia,5340757a81ef7be09cb615df11f653607b5fb918759ed6f694b71cfa556d3634
com.SmallTappingGames.Racingincar.Grand.Traffic.Racer,5343c9d9504b15e21a3180883d68f9e2453e858661533fd85948e93b670610c2
air.com.HFG.NewEscapeGames22,534c0a53e415434cb4810e34497a0a7c6939ed804ef6b237933a5115d2a96c54
com.adamrocker.android.input.simeji.global.theme.pineapple,534ec3b63aacf822f2764c10fd4698a46fe716f2e9ef8dc36250aa76697a81c6
com.gameimake.kittypetdaycare,535a7d47344c28981cc521d7c58918def7b4eb46c51cae19236e87b89bf14ab8
com.monotype.android.font.pkfonts.freefontsmorris,536d764590a74966c834e342037776abc8f59353a7edfd995c539742f15e3752
com.emoji.candy,5371f6c8502bdb29e1d6f8009fb38694ab7c8fc2a802ecfdf93c5a2cf14cda44
com.istar.shayari,5379b66f43f25c38732092fe562cb9d6f75f402f10a086a0520d331b4ef353c2
air.kr.co.whiterabbit.smartqgnp2017,537bc1756ab34afde8bb3e162c2680a66402b57282e3a1860923312eb40f8d34
com.huiotidug,538f10f4056f3959f81fea45322ed0c19c656e6fa0b96c9a9d683ed96f445784
com.tokethieden.walktheplank,53a49d25cfc40396324bb10a2e8e62f6c02b7a3664ebc65d4e932550d4034c44
com.VCG.MashNocks,53af9261a8da345abaa18bad2d96e45b9ec80c569bd04929fcdb1162fff39dc4
com.gary.vibrateme,53d0ffc801022a7c118abe8b5020dd9482aa914272e0f4eccc62eb54371bb962
com.sebbia.icon,53d6f3815cc933363d35226360656acecf6c8ee8932c147edab1a63bd3b11b18
com.luxsecurity.luxsecur,53e6226ca87f86e33a39435097e9d7609f1751825803ff925bd76d297dc6e2a4
bb.banana.rush,53f04c5dcdb8358cebd8f3d2bd1906755d3200e05ecbf224296a4c7d37e10096
com.shoutcast.stm.skynewsnqn,53f652d29902d077c82b88f378a4fd6121950f26905a1a8b72f1c08be5579d76
com.hsse,540402a92689bbe141e0227ec25b2aa54315cc124d708ba72bdebd5217c69fd2
air.CamelCalfRescue,540d1e9b372dd6d28d621f33ec09d7783359b13a94ff73e2b1f9bc016bef8e92
com.onistd.bubble,541ba459ee3cb8f567d8ba8fe4a30b3d1475b80177e608d84f5423f8b376e148
com.andromo.dev266299.app619721,542354843402073b31cf293c97acf088c5193edda2e3d19d505cb7272e153544
com.plabs.planetofc,54264598b19dd0f2c552c506b8a66c84ed81e439566e5be5c08d7c892c9de5c4
com.kinteks.hdselfiecam,54324de87cdca6b8966426189b6f7357e2bdf03073b526c46a2ffaafb1fcce26
com.emoji.wordsearch,544bbcf878357cffa1f8377f81265344fd3e0b45da94b66d5c43b5ee41419646
com.thetagames.creatureio,545591d4d879345130e899598e811e050a79e5ce7006c5ebb201d89e033baf48
com.jorc.afarazmand.StructuralCompass,5473b7e69e69bd69aa3e73606d22a7845b049a93c692600225fa098d9a560d58
com.gunship.battle,547eb0a13a649975eae47854a41e759c9ab4476a3fb12440f96b0ecf02674374
cme.amelia.edu,54cc1364b833c104269c38b4bc26ee0d0909358a250263096f3ab6b3ae4373d8
oyin.niiontv,54e4a629813a1e6e5e60b63d56b9cbb613f2640a283ec3737a81d40c8ba39638
com.ringb.razplus,54e5484ff841f978bcf94be4eb08c2d781ca9f505cde266e323b4eb7f6e88b82
com.pooandplay.diskbreakers,5505812f3fb08db88fb1f0e346b0ee84f33fd38066698699c940890535e08bc8
com.photo.editor.suit.manblazer,551beb1c15a489441166365f0a9e49760a7e0528c9d284646c35396e2a6433b8
com.gandhigames.pewpew,5531227591c29556dabd98fec1df4cc3f523ac2c67cd0d507ed07b97a0bd4578
hu.oveges.donto,553840fbb9efb6b3394580d82c1518fc2205bd27892f889523deeccad8580752
de.mlauer.elixirtest,553a5bb34d406804221efc68837a9eae432985cafd874f48d3bdafef1be0dea8
com.AzkaDeveloper.TownHall8BaseLayoutsFarming,5555bad468e0319629f6bb88524d1cb8b9ed764b411998501b75d93749d7c8e4
com.permaiappz.KenanganTerindah,5557d12b791b1ea654d5784731687d97044c9b2320766cee70c98b110adab154
air.EscapeZone15RoyalHomeEscape,555de62a4f5b1c0b8f8869f96c00c299fe47a6943dc0a4741a314ec24d7dfc28
com.molin.lightninglivewallpaper,5566137c060b7e9ee5ab75efcd37124e40c7022da254334bfea924e678eebed8
com.ma.dominoo,5569c547c30761dc66affdc2fe21f53a4de8fe8703165c33a4dc4d58a97e0c24
com.sggames.sportcar3dparking,558562e8431e72a115c4c21ac4c282ce4050cafb4fdf8a1283896e73198716b2
com.kidsramp.pipcameraeffect,5590495f3743764b39f687811b3c79c43c907713308443129367997e1bda9db4
net.jp.apps.yasushiyokota.eikenx,559ed409292f5fc8b1085f53f4adeca1e5bcb2b572baea80efa6a4273bfb3b48
com.mm.advert,55a6bef73e0dfecad107b6ccd74e23ca77c5fd8c20a33f6d903f18b9f8f49806
com.spiritual.linkashtakambengali,55b0cf76497e9bdb02a1646861a1a8ff50d3c895a0eea9e9246c8eb542154528
com.wordmobile.waterslide,55c8266e5b4940451b4c7ba7e7de5bd01aeed30af716b2f3a343f6de4d445264
com.Kuz.CityGhosts,55f9b5ada8077668764bfd00bf5710b5039ded989b05bd8abb154259a6f10c86
it.regioni5stelle,5611135acf896dbe58b9668bab1afbccabc0f172a6729351477e291e27059de2
com.omer.ingilizcekelimeoyunu,56192ad57dc4ce9f118c40d55499bab3e0046e0e332bd51627aab09606010bd2
com.andromo.dev47043.app190220,56199abe193f1c1aaaae0cb32d2e8f82f1fc1419847fc94d878c2a7e3c9329e8
com.masociete.golden_tools_mobile_security,562ac7e0011b67e24e86b2d53320e60c309506b71b2e8dd22e9d6103f0b2caf2
com.nextmeta.app5891,5638907157e1bd2773382780f8a05e58db9618106e59bf90c89c6217fdfca574
ru.azurinteractive.robotwarfare,56413d25a0f3c475f1637952228d083853453200492536529276d7d9814c91f4
com.i6.easy_roads,564b06492fcbf00eb7bbefbc9264b283c946190e974eb2da8d6691fb18362526
com.QITMIR.BedroomCeilingDesigns,564c669e6225d4a4e30178222f89f71b46c025c7763a430c64597908325741d2
jp.komakuro.book16096,564dcbf1bfbd18a5164f551e6671502d34c83d68192956e43231ab2933cabf32
com.m.DeputySectionOfficerAndMamlatdar,5658d1b85281e84b02b6ab96e0a6f8b990716ad3a5fd2f75de12a52fe1c93f96
com.olimpo.status,5667f34991f80bb5048757a7cb88fdfdca46dc029b1e4a88dc2ae272c3d7bd64
com.blureffect.photoeditor,566c28281f9605d223f329a0d16531780a7b22310a2f008a37ff04f0f2cb79d2
org.pbgame.Gnome,567d895c3fe2ab7b43ad054778a2828f92ddd6ab225bf040af199df5b97e3328
kr.e777.daeriya.jang1331,56884194c9731c90322dbb2706f8883b27c2e01a26530dcc18e80070c76602e6
com.lego.activities,56c14cf002fa2f4fe4646fbbccbcd784503531358178ed31cc71d214933aec26
com.andromo.dev453697.app577267,56c5254c5cdeb4ecf96159c9aa211ea59e1966eb14d91d1ddfef245302f5f756
com.akrasoft.catsimulator,56d48d5e54142854993d0350c9a0ef3ac553c0b2594a879e9623be34f8a131e2
com.mhd.flasher.n55,56eb71557e0802ff489c4e40645dd7dac24a2bee54ce64eb947f586d044d0d64
at.ondot.qmapp,5709319d5a66b755e82eea24a09d1fd7fa662ef8154c52414b342ddc931db312
me.jerrypark.mobile.tktv,57167ec0101835e59a403cede75117d83e51668dfd636d4b6de29762947f6ab4
com.Badminton,57172d2151b115293977d14846217a0decf917283682e9e5c40b8f1fb89b3614
com.itach.corocco,57218f5f703cc311873ab61f6f666a938f54d465574e8a8fabffd30b084bb002
keyboard.theme.k820000260,57252eb0e73854ef37e1a893c90dc26948eef5ef6c6ee003b7db956751041642
wetoksoft.com.br.AlgodaoDoce,572e98bc3c06ba9f16736dacfee9272ea737e8971671e214c0c3ec53b2558592
com.Tobit.android.Slitte7313014829,5732849a1a53f002bbcb0cbceb5bdd53daa9d70ad8722c904bdfdf3d5f33b948
com.ootb.popskettlecorn,573ee738116d0938f24ce20249c0d498e01f187faa9176e455750dd789fd8308
com.pixellabs.pixelstrike3d,574e47cdbcfb81ea1ad29ae6350fd4f26363c99651ecd90f71726ef07a9f3f82
rpn.android.doaanak,575e19b76050f2afc657550f2961ffef51feefb73d051b260f430b8f2c6d61f2
com.djinnworks.StickStuntBiker2.free,5772614c217e08aedea27eeccd0e8027ceb78677c4d57fc9cd36fe12233b6df4
air.Escape_From_Shower_Room,5783084e75f766bf0c3996781a52700480c7497b355adb08d875144ea3e579e2
com.kids.songs.super.simple,5790b938c2a18b4921963b16eb754c868eaf6253734be92a01e3aa7e14b85db6
com.vanceandhines.fp3,579cc6b8478d77532d7eeac0393ebd6dc39413ccc16cbc6dd326e6c277d487e6
com.issaknife.bitter,579ece55b9bd61b7c459a8f00162fbf96c6ab630935e30324789ef9fc912cf68
bbsihindiorg.ali,57ca7706d89554af598ba5f57a1669dc0fd2deba0136c37c683ad4cf4d6cb704
org.thesocialcoin.scfc,57d5a6626f63097d65683c704280895b7e1142f570aa57d9f9e20a7cc7ff6ff2
